mpid,formula,BG,fidelity,bg_category
mp-7020,LiYO2,7.58,2,5.0
mp-10392,Sr3CdPtO6,3.83,2,2.0
mp-3006,P2Pd3S8,2.72,2,1.0
mp-7575,LiZnN,1.39,2,0.0
mp-1415,CaSe,4.22,2,2.0
mp-17173,Rh2S3,0.143,2,0.0
mp-18914,K2MoO4,6.12,2,4.0
mp-19387,CdWO4,4.31,2,3.0
mp-17208,K2Li14Zr3O14,7.88,2,5.0
mp-20463,CaPbF6,6.78,2,4.0
mp-31243,BaAs2,1.02,2,0.0
mp-9510,Tl2PAuS4,2.8,2,1.0
mp-3821,K2PtF6,4.13,2,2.0
mp-28944,BiTeCl,2.66,2,1.0
mp-13654,Y3Sb4Au3,0.887,2,0.0
mp-3654,RbCaF3,12.3,2,7.0
mp-7691,YB4Mo,0.605,2,0.0
mp-27455,YCl3,8.55,2,6.0
mp-9437,NbFeSb,1.32,2,0.0
mp-29567,CuSe2Br,1.95,2,1.0
mp-22142,SiSe2,4.14,2,2.0
mp-5122,Na3AlP2,3.44,2,2.0
mp-28875,Hg2P3Cl,1.89,2,1.0
mp-23549,Bi3B5O12,5.74,2,4.0
mp-468,AlF3,13.3,2,7.0
mp-23700,RbH2OF,10.7,2,7.0
mp-9844,BaAl2B2O7,8.77,2,6.0
mp-29139,NaAuSe2,1.64,2,1.0
mp-17193,Ca3GeO,1.01,2,0.0
mp-28599,Na4Br2O,5.29,2,3.0
mp-17688,CsGaTe2,2.42,2,1.0
mp-8678,NaAlPO4F,9.3,2,6.0
mp-602,Te2Mo,1.41,2,0.0
mp-9069,K2NaAlAs2,2.9,2,2.0
mp-541877,TaTeCl9,4.22,2,2.0
mp-16980,Rb2B4O7,9.15,2,6.0
mp-14501,Ba(As3Pt2)2,0.664,2,0.0
mp-20331,CuSbSe2,1.46,2,0.0
mp-15833,Zn4P6SN12,6.53,2,4.0
mp-613172,VBiO4,3.52,2,2.0
mp-2319,P2Os,1.4,2,0.0
mp-510341,Cs3Ge4Au,2.02,2,1.0
mp-28237,RbLiBr2,8.07,2,5.0
mp-27394,CsSnCl3,5.01,2,3.0
mp-22984,NaBiO2,2.83,2,1.0
mp-4609,HfSiO4,8.66,2,6.0
mp-31250,BiBO3,5.13,2,3.0
mp-541656,AuCl2,1.75,2,1.0
mp-23737,KMgH3,6.25,2,4.0
mp-541013,TiI4,1.93,2,1.0
mp-22922,AgCl,2.44,2,1.0
mp-15220,K2VCuSe4,1.71,2,1.0
mp-6599,KNb(CuSe2)2,2.37,2,1.0
mp-31593,Na4CoO4,0.165,2,0.0
mp-17240,RbNa3Li12(SiO4)4,8.56,2,6.0
mp-30161,Si2CN4,7.17,2,5.0
mp-23541,KSn2Br5,4.1,2,2.0
mp-1087,SrS,5.02,2,3.0
mp-19178,CoAgO2,1.45,2,0.0
mp-28244,TlBO2,5.43,2,3.0
mp-30056,CsCaBr3,8.08,2,5.0
mp-2008,FeAs2,0.666,2,0.0
mp-18562,Na2Si2Se5,4.62,2,3.0
mp-27849,TiBrN,1.69,2,1.0
mp-13445,Rb2As2Pt,1.96,2,1.0
mp-18741,RbLiCrO4,4.04,2,2.0
mp-510075,Cs7Au5O2,3.2,2,2.0
mp-17100,In2P2O7,5.6,2,3.0
mp-2251,Li3N,2.56,2,1.0
mp-6987,Sr(GaTe2)2,1.02,2,0.0
mp-9636,CsSbF6,9.11,2,6.0
mp-29835,K2SnTe3,1.97,2,1.0
mp-9198,Fe(SiP)4,1.99,2,1.0
mp-6023,Tl2Sn(AsS3)2,2.06,2,1.0
mp-1266,Na2Se,4.91,2,3.0
mp-463,KF,12.2,2,7.0
mp-8615,NbBO4,4.21,2,2.0
mp-28158,K4Be3O5,7.33,2,5.0
mp-27850,TiNCl,1.7,2,1.0
mp-29077,LiBiO3,1.25,2,0.0
mp-31212,K2MgF4,12.5,2,7.0
mp-27562,Na2Pd3O4,0.902,2,0.0
mp-29694,KAuBr4,2.03,2,1.0
mp-3104,BaZrN2,2.49,2,1.0
mp-22914,CuCl,2.5,2,1.0
mp-23131,Sr2BN2Cl,5.45,2,3.0
mp-2798,SiP,2.95,2,2.0
mp-927,CuP2,1.5,2,1.0
mp-5615,CaAgAs,0.22,2,0.0
mp-9029,Ca3VN3,2.04,2,1.0
mp-4387,SrZrO3,6.74,2,4.0
mp-16947,LiAlGeO4,6.09,2,4.0
mp-29657,NaGe,1.8,2,1.0
mp-510710,Cs2AgSbS4,3.16,2,2.0
mp-17048,Rb2WS4,3.17,2,2.0
mp-9595,NbInO4,5.14,2,3.0
mp-22898,KI,7.27,2,5.0
mp-504498,K2CdPb,0.5720000000000001,2,0.0
mp-20740,Tl4Te3Pb,0.165,2,0.0
mp-9752,Li2NbF6,7.87,2,5.0
mp-7117,LiAlSe2,5.16,2,3.0
mp-4584,Tl3BO3,2.79,2,1.0
mp-12957,O2,2.11,2,1.0
mp-28198,RbInI4,4.38,2,3.0
mp-541234,Cs2K4Fe2O5,0.184,2,0.0
mp-11022,ScAgO2,3.6,2,2.0
mp-31451,ZrCoBi,1.39,2,0.0
mp-23484,CsAuCl3,1.56,2,1.0
mp-3839,GaCuTe2,0.748,2,0.0
mp-23739,SiH4,11.1,2,7.0
mp-5513,Tl3VS4,3.0,2,2.0
mp-23127,Ba2BiSbO6,3.21,2,2.0
mp-8190,Tl2SiS3,4.07,2,2.0
mp-22342,PbSeO4,5.48,2,3.0
mp-22996,SbSeI,2.48,2,1.0
mp-29216,Cs2PtCl4,3.85,2,2.0
mp-12903,YAgTe2,1.66,2,1.0
mp-541291,Na3MoN3,2.72,2,1.0
mp-5380,Ca4P2O,3.0,2,2.0
mp-8147,K2As2Pd,1.85,2,1.0
mp-540707,Cs2Sn(GeO3)3,5.11,2,3.0
mp-549589,LaZnAsO,1.12,2,0.0
mp-886,Ga2O3,4.2,2,2.0
mp-12885,BaAl2Sb2O7,5.58,2,3.0
mp-28994,KLi2As,2.18,2,1.0
mp-31038,CuSe2Cl,1.91,2,1.0
mp-4691,Ag2CO3,1.35,2,0.0
mp-27228,Tl6Si2O7,3.37,2,2.0
mp-19956,Ba2InO3F,4.06,2,2.0
mp-20187,LiInSe2,2.9,2,2.0
mp-15074,Sr(PIr)2,0.5720000000000001,2,0.0
mp-504891,La3MnGaS7,0.55,2,0.0
mp-9059,KLi6TaO6,6.82,2,4.0
mp-18388,Ga7Te10,1.77,2,1.0
mp-9197,Li3AsO4,7.4,2,5.0
mp-17512,Zn(AuF4)2,3.25,2,2.0
mp-5782,AlAgS2,3.75,2,2.0
mp-8399,CsCdF3,6.44,2,4.0
mp-3167,Hg2GeSe4,0.998,2,0.0
mp-8810,SrZn2(PO4)2,7.27,2,5.0
mp-181,KGa3,0.797,2,0.0
mp-8564,CsK2Sc(PO4)2,7.56,2,5.0
mp-22855,HgCl2,5.16,2,3.0
mp-2343,Mg2Sn,0.6000000000000001,2,0.0
mp-17063,BaLaCuTe3,2.41,2,1.0
mp-11265,BaCaSn,0.908,2,0.0
mp-5450,K2ZrF6,9.92,2,7.0
mp-19440,LiVO3,4.22,2,2.0
mp-23420,Ge19(PI)4,1.95,2,1.0
mp-13133,K2TiO3,5.91,2,4.0
mp-29289,BaPt2S3,2.14,2,1.0
mp-541385,Cs6Fe2O5,0.311,2,0.0
mp-23247,ZrBr3,1.25,2,0.0
mp-766,As2Ru,0.733,2,0.0
mp-8281,Ba(CdAs)2,0.636,2,0.0
mp-7938,KNbS2,1.27,2,0.0
mp-7027,InBO3,4.92,2,3.0
mp-8446,K2CuP,2.85,2,1.0
mp-971,K2O,5.53,2,3.0
mp-20027,FeP2,1.03,2,0.0
mp-7914,NaScO2,7.03,2,5.0
mp-4360,NaCdF3,6.93,2,4.0
mp-6384,RbSO2F,6.74,2,4.0
mp-12558,LiMgAs,2.74,2,1.0
mp-14069,CsAlO2,7.91,2,5.0
mp-2176,ZnTe,1.81,2,1.0
mp-8405,Li3LaSb2,0.243,2,0.0
mp-9919,LiZnSb,0.682,2,0.0
mp-22976,Rb2(NbCl3)3,1.55,2,1.0
mp-543024,Cs2Pd(IBr2)2,1.65,2,1.0
mp-21855,VCu3Se4,1.49,2,1.0
mp-4514,NaNbO3,4.69,2,3.0
mp-19449,NaVCdO4,4.45,2,3.0
mp-18921,NaCoO2,2.38,2,1.0
mp-3448,KMgF3,12.7,2,7.0
mp-8479,Tl4SiS4,3.58,2,2.0
mp-29266,CsS,3.98,2,2.0
mp-541487,TlPt2Se3,0.968,2,0.0
mp-18875,MgWO4,4.85,2,3.0
mp-30111,BaLaI4,1.19,2,0.0
mp-22858,TlI,3.83,2,2.0
mp-10695,ZnS,3.65,2,2.0
mp-8314,Cs2NaAsO4,7.16,2,5.0
mp-23067,K2PdCl6,2.28,2,1.0
mp-28364,Rb2CdO2,3.69,2,2.0
mp-1029,BaF2,12.5,2,7.0
mp-984,BN,7.59,2,5.0
mp-9509,K2PAuS4,3.29,2,2.0
mp-545500,BaSbClO2,4.93,2,3.0
mp-8278,Ba(MgP)2,2.52,2,1.0
mp-6633,NaCSN,6.77,2,4.0
mp-14285,CoP2,0.618,2,0.0
mp-20352,Ba3In2O6,2.63,2,1.0
mp-1394,Rb2O,4.89,2,3.0
mp-5588,BaSiF6,12.9,2,7.0
mp-21276,PbS,1.54,2,1.0
mp-22988,CsGeCl3,3.94,2,2.0
mp-14039,K2NaRhF6,3.72,2,2.0
mp-17612,Ba2SiO4,8.41,2,6.0
mp-8921,Cd4P6SN12,5.06,2,3.0
mp-2979,ZnGeN2,2.92,2,2.0
mp-9778,K2AgP,2.87,2,2.0
mp-540839,CsPbI3,4.28,2,3.0
mp-540636,WOF4,4.17,2,2.0
mp-13660,Ca4Sb2O,2.22,2,1.0
mp-4135,RbPO3,9.4,2,6.0
mp-1818,SiF4,14.0,2,7.0
mp-19727,PbCN2,3.54,2,2.0
mp-15217,Rb2TaAgS4,4.11,2,2.0
mp-7611,Li2CaGeO4,7.26,2,5.0
mp-2418,PdSe2,0.969,2,0.0
mp-8931,Rb2SnAs2,2.26,2,1.0
mp-9251,TlTe3Pt2,0.355,2,0.0
mp-2076,ZrSe2,1.13,2,0.0
mp-9755,HfGeO4,6.69,2,4.0
mp-23259,LiBr,8.3,2,5.0
mp-9579,AlTlSe2,1.87,2,1.0
mp-6788,La3Ga5SnO14,6.2,2,4.0
mp-17518,Sr2TaN3,4.42,2,3.0
mp-24433,KHSeO3,6.77,2,4.0
mp-13984,CdPdF6,3.12,2,2.0
mp-547792,KSbO3,5.28,2,3.0
mp-23309,ScCl3,6.69,2,4.0
mp-11718,RbF,11.3,2,7.0
mp-542812,GaTe,1.99,2,1.0
mp-17490,Rb5SiAs3,1.86,2,1.0
mp-28782,Na3PS4,4.22,2,2.0
mp-28171,K3IO,4.26,2,3.0
mp-2858,ZrO2,6.46,2,4.0
mp-28505,Ba(AlTe2)2,2.93,2,2.0
mp-8961,Ba3NaTaO6,6.42,2,4.0
mp-981,SrF2,12.7,2,7.0
mp-9383,SrHfN2,0.96,2,0.0
mp-17566,Ba5P4,2.35,2,1.0
mp-29463,LiBeN,5.28,2,3.0
mp-29662,TlBiSe2,0.846,2,0.0
mp-17035,K3Sc(PO4)2,7.78,2,5.0
mp-8804,Li6MoN4,4.12,2,2.0
mp-7910,Al2HgTe4,1.93,2,1.0
mp-22313,Na2PtO2,2.86,2,2.0
mp-31621,Co(ClO4)2,2.1,2,1.0
mp-27774,NClO6,3.73,2,2.0
mp-29716,TaTeBr9,3.35,2,2.0
mp-7310,ZrPbF6,8.31,2,5.0
mp-4192,Ca3AsN,2.59,2,1.0
mp-7752,Sr3SbN,1.62,2,1.0
mp-9915,LiBeP,2.26,2,1.0
mp-5962,NaMgAs,2.72,2,1.0
mp-29584,K4BeAs2,2.9,2,2.0
mp-27230,As2SO6,6.9,2,4.0
mp-16253,BaCaSi,0.929,2,0.0
mp-27175,InOF,3.15,2,2.0
mp-22880,FeBr2,2.08,2,1.0
mp-18308,CaZn2(PO4)2,6.84,2,4.0
mp-6984,K2SiAs2,2.51,2,1.0
mp-4964,YSbPt,0.152,2,0.0
mp-28251,Ta2Zn3O8,6.09,2,4.0
mp-8932,Cs2SiP2,2.93,2,2.0
mp-29993,TaAgF6,7.22,2,5.0
mp-29454,Na3TlO2,3.89,2,2.0
mp-8624,K2Sn2O3,2.76,2,1.0
mp-23536,SbI3Cl8,2.34,2,1.0
mp-505297,NbSbRu,1.11,2,0.0
mp-17830,Rb3Ge4Au,1.94,2,1.0
mp-2340,Na2O2,4.63,2,3.0
mp-7988,Cs2O,2.37,2,1.0
mp-30532,Tl2ZnI4,4.8,2,3.0
mp-29443,PI2,3.41,2,2.0
mp-2697,SrO2,5.52,2,3.0
mp-4187,Ge2N2O,4.47,2,3.0
mp-17133,Ba3(AlN2)2,3.62,2,2.0
mp-5377,YTaO4,6.38,2,4.0
mp-5967,TiCoSb,1.39,2,0.0
mp-27764,K4I2O9,4.31,2,3.0
mp-8212,Cd(PtO2)3,0.608,2,0.0
mp-8262,K2P3,1.91,2,1.0
mp-23176,SbCl5,3.93,2,2.0
mp-29403,GaCuI4,3.32,2,2.0
mp-18673,CsZnPO4,7.22,2,5.0
mp-540787,K3V5O14,3.33,2,2.0
mp-7956,Na3Sb,1.89,2,1.0
mp-17918,Ba2SnS3F2,4.22,2,2.0
mp-27314,SbClF8,5.67,2,4.0
mp-20397,Sr(InTe2)2,1.76,2,1.0
mp-19026,Na4FeO3,0.903,2,0.0
mp-18139,Na5SiAs3,2.39,2,1.0
mp-6361,NaSr3NbO6,5.64,2,4.0
mp-4531,NaNO3,5.37,2,3.0
mp-5222,ReTeS,0.434,2,0.0
mp-2490,GaP,2.55,2,1.0
mp-10485,BaLiSb,1.79,2,1.0
mp-7908,Al2ZnTe4,2.74,2,1.0
mp-27385,KTlCl4,4.4,2,3.0
mp-7198,SrPSe3,3.74,2,2.0
mp-28266,P2Pd,0.876,2,0.0
mp-19717,TePb,1.71,2,1.0
mp-29398,Cs2HfI6,3.74,2,2.0
mp-10246,Na2PtS2,2.36,2,1.0
mp-18509,KBe3ZnF9,11.2,2,7.0
mp-28373,BaP3Pt2,0.588,2,0.0
mp-7188,Al2Os,0.687,2,0.0
mp-28384,GaBr2,4.7,2,3.0
mp-28395,B6P,3.84,2,2.0
mp-8184,Li2ZnGeO4,5.78,2,4.0
mp-541899,CsCdBr3,5.05,2,3.0
mp-8224,CaSnF6,9.93,2,7.0
mp-28109,SbAsO3,5.66,2,4.0
mp-21166,SrCaPb,0.772,2,0.0
mp-553243,YBi2BrO4,3.06,2,2.0
mp-17539,KAsOF4,6.79,2,4.0
mp-20694,K2Pb2O3,3.5,2,2.0
mp-27438,TlBiTe2,1.0,2,0.0
mp-12286,Sr2Ta2O7,4.78,2,3.0
mp-22853,MoCl3,0.277,2,0.0
mp-3996,GaAsO4,5.85,2,4.0
mp-30988,KBiO2,3.79,2,2.0
mp-22939,BiClO,4.63,2,3.0
mp-17586,CdS2O7,7.06,2,5.0
mp-17085,Rb2Zr3OF12,9.14,2,6.0
mp-7786,CsCu3S2,4.02,2,2.0
mp-5001,Li3BN2,5.92,2,4.0
mp-10368,CoPSe,0.897,2,0.0
mp-30239,Sr3(BS3)2,4.24,2,3.0
mp-29903,TlTeF5,7.21,2,5.0
mp-8256,ZnPtF6,3.48,2,2.0
mp-7461,Hg2SO4,3.74,2,2.0
mp-7643,K2AgSb,2.68,2,1.0
mp-241,CdF2,6.12,2,4.0
mp-17101,CaNb2O6,5.66,2,4.0
mp-17088,KBaPS4,4.49,2,3.0
mp-30091,MgB9N,2.94,2,2.0
mp-2857,ScN,1.26,2,0.0
mp-23074,BiOF,5.64,2,4.0
mp-9570,Ca(CdP)2,1.74,2,1.0
mp-23324,BiSBr,3.55,2,2.0
mp-7017,NaNbN2,1.87,2,1.0
mp-29008,Li6MgBr8,8.03,2,5.0
mp-542116,CsAl(MoO4)2,5.44,2,3.0
mp-14289,Ba3P4,1.24,2,0.0
mp-3889,NaBO2,8.04,2,5.0
mp-8901,Rb2VAgS4,2.27,2,1.0
mp-29402,KGaI4,4.27,2,3.0
mp-9010,RbAuS,4.02,2,2.0
mp-11719,K4ZnP2,3.05,2,2.0
mp-22766,CaIn2O4,4.25,2,3.0
mp-29455,Ga4GeO8,4.21,2,2.0
mp-19134,CaCrP2O7,0.7000000000000001,2,0.0
mp-505366,AuBr,2.98,2,2.0
mp-6459,CaMg(CO3)2,8.59,2,6.0
mp-7943,LiAs,1.07,2,0.0
mp-28295,CsIO3,5.04,2,3.0
mp-5012,Li2SiO3,8.78,2,6.0
mp-9254,Al2Te5,2.12,2,1.0
mp-6800,KLiSO4,9.99,2,7.0
mp-14983,Si4P4Ru,2.48,2,1.0
mp-23057,CsLiBr2,7.62,2,5.0
mp-27370,P10Au7I,1.34,2,0.0
mp-5020,BaTiO3,4.66,2,3.0
mp-21781,Sr(InS2)2,3.91,2,2.0
mp-8962,Rb2HgF4,4.47,2,3.0
mp-541037,CsCuO,3.29,2,2.0
mp-505431,K2LiInAs2,1.84,2,1.0
mp-21705,K2In3AgSe6,2.35,2,1.0
mp-17315,Zr3Tl2OF12,7.09,2,5.0
mp-539,Ga2S3,3.28,2,2.0
mp-21511,K2NaInP2,2.86,2,2.0
mp-31755,Ta2FeO6,2.35,2,1.0
mp-13798,K2NaTlF6,6.66,2,4.0
mp-8140,AsPO4,7.59,2,5.0
mp-27647,AuCl3,2.61,2,1.0
mp-28453,CsAuI3,1.34,2,0.0
mp-9230,KAlAs2O7,6.02,2,4.0
mp-5860,K2HgO2,4.56,2,3.0
mp-15312,Ca4Al6TeO12,6.33,2,4.0
mp-10694,ScF3,11.0,2,7.0
mp-1581,As2O3,5.94,2,4.0
mp-15571,K3AuSe2,4.27,2,3.0
mp-9273,K3Sb2Au3,2.29,2,1.0
mp-17060,NaAlSe2,4.6,2,3.0
mp-3481,KSnAs,1.03,2,0.0
mp-30158,Sr3Ga4O9,5.85,2,4.0
mp-27891,Bi2SO2,2.06,2,1.0
mp-5769,Li3SbO4,5.58,2,3.0
mp-7457,SnF2,5.29,2,3.0
mp-4627,CoAsS,1.18,2,0.0
mp-29238,TlAgSe,1.4,2,0.0
mp-23273,TeI,1.9,2,1.0
mp-5045,SnGeS3,2.62,2,1.0
mp-23199,BaCl2,9.0,2,6.0
mp-28011,Tl2Sn2S3,1.81,2,1.0
mp-11980,CsNbF6,8.03,2,5.0
mp-552806,BaBiClO2,5.48,2,3.0
mp-15395,CsBePO4,9.27,2,6.0
mp-23126,KAs4IO6,4.2,2,2.0
mp-8291,BaTiF6,7.46,2,5.0
mp-6215,AgHgAsS3,2.15,2,1.0
mp-7639,Na2CuP,2.14,2,1.0
mp-18414,BaLa2BeO5,7.03,2,5.0
mp-31014,ZrP2S7,3.15,2,2.0
mp-9720,Rb3BP2,3.98,2,2.0
mp-8963,Cs2HgF4,4.55,2,3.0
mp-16608,Si3Os2,1.09,2,0.0
mp-18862,La2CoIrO6,0.876,2,0.0
mp-19662,BaCrO4,3.96,2,2.0
mp-27691,K2PtBr6,2.21,2,1.0
mp-7444,RbSb,1.4,2,0.0
mp-17854,LiInGeO4,4.62,2,3.0
mp-22983,LiAlCl4,9.66,2,6.0
mp-18351,Sr3(GeP2)2,2.05,2,1.0
mp-16861,Na5GeAs3,1.71,2,1.0
mp-8042,ZrGeO4,6.55,2,4.0
mp-3762,VCu3S4,1.82,2,1.0
mp-6870,KBe2BO3F2,11.0,2,7.0
mp-22255,RbInTe2,2.21,2,1.0
mp-29027,TaI2O,1.72,2,1.0
mp-3370,Y2Sn2O7,5.12,2,3.0
mp-676,CaN6,5.6,2,3.0
mp-18447,K3Na2SnAs3,2.02,2,1.0
mp-10288,LaCuTeS,1.16,2,0.0
mp-4624,TaBO4,5.48,2,3.0
mp-22909,ZnCl2,6.86,2,4.0
mp-3700,LiYF4,13.4,2,7.0
mp-5920,LiAlGe,0.387,2,0.0
mp-7219,Na2ZrSe3,2.74,2,1.0
mp-9781,K3SbS4,4.19,2,2.0
mp-17245,Na3TaF8,7.81,2,5.0
mp-7084,SrCaSi,1.29,2,0.0
mp-505815,CsLa2CuSe4,2.42,2,1.0
mp-7426,Ba(ZnP)2,0.344,2,0.0
mp-2632,TlF3,3.62,2,2.0
mp-30847,TiSnPt,1.19,2,0.0
mp-3395,SrSeO3,6.0,2,4.0
mp-5621,NbCu3S4,2.85,2,1.0
mp-5416,Na2SeO3,6.8,2,4.0
mp-18327,Ba2Tl2O5,1.29,2,0.0
mp-8978,CsNbN2,2.83,2,1.0
mp-7801,CaGeN2,4.59,2,3.0
mp-20805,PdPbF4,1.96,2,1.0
mp-6368,CsSO2F,7.15,2,5.0
mp-28070,Rb2TeI6,2.79,2,1.0
mp-22899,LiI,7.0,2,5.0
mp-29883,Rb3PbCl5,7.05,2,5.0
mp-3668,CdGeP2,1.31,2,0.0
mp-22896,LaCl3,7.58,2,5.0
mp-17989,K3PS4,5.2,2,3.0
mp-4274,SrTeO4,4.75,2,3.0
mp-2542,BeO,11.1,2,7.0
mp-18373,ZnSe2O5,4.85,2,3.0
mp-5652,Y2Si2O7,8.68,2,6.0
mp-17892,Ca2VN3,2.83,2,1.0
mp-13055,Ba2LaTaO6,6.11,2,4.0
mp-23442,KCdCl3,6.12,2,4.0
mp-23084,BiPbClO2,3.84,2,2.0
mp-1958,SrTe,3.55,2,2.0
mp-15803,Y2MgSe4,3.14,2,2.0
mp-22964,PbClF,6.16,2,4.0
mp-5387,YNbO4,5.63,2,4.0
mp-22930,Rb4CdCl6,6.96,2,4.0
mp-7387,KAgF4,3.14,2,2.0
mp-9486,K2AlF5,12.9,2,7.0
mp-8016,AlCuSe2,2.36,2,1.0
mp-542200,CdAg4Ge2S7,1.72,2,1.0
mp-25113,VInO4,4.42,2,3.0
mp-9692,K2GeSe3,3.26,2,2.0
mp-23281,SbI3,3.47,2,2.0
mp-17501,Ba(ScTe2)2,1.27,2,0.0
mp-23238,Ta3I7,1.3,2,0.0
mp-17288,Li2ZnSiO4,6.75,2,4.0
mp-1602,SiS2,5.45,2,3.0
mp-552537,Sr2CuBrO2,5.58,2,3.0
mp-15214,K2NbAgS4,3.5,2,2.0
mp-17228,K2Ni3S4,1.64,2,1.0
mp-23230,PCl3,6.55,2,4.0
mp-23120,Cs2NaYCl6,8.76,2,6.0
mp-19014,Sr2CdWO6,4.78,2,3.0
mp-10337,BaYAgTe3,1.89,2,1.0
mp-23392,K4CdCl6,6.92,2,4.0
mp-27397,IrBr3,2.61,2,1.0
mp-9318,KZrCuSe3,1.09,2,0.0
mp-8076,Na3SbO3,5.28,2,3.0
mp-27810,Ba(GeAs)2,0.664,2,0.0
mp-5132,YPO4,9.75,2,7.0
mp-5431,BaTeO3,4.56,2,3.0
mp-4030,Rb2Pt3S4,2.63,2,1.0
mp-31275,Ba(TeP2)2,2.05,2,1.0
mp-28315,Rb4CdBr6,5.69,2,4.0
mp-22862,NaCl,9.6,2,6.0
mp-18480,Na3Ca2TaO6,7.0,2,5.0
mp-18329,CsMgPO4,8.52,2,6.0
mp-542772,CsAgCl2,4.64,2,3.0
mp-10795,TaTlS3,1.12,2,0.0
mp-29274,P2PdO6,3.2,2,2.0
mp-541832,Ba2SnS4,3.67,2,2.0
mp-31486,K2SnBi,1.23,2,0.0
mp-11152,SiSbPt,0.664,2,0.0
mp-13903,ZnSnF6,7.24,2,5.0
mp-29432,NaScCl4,6.64,2,4.0
mp-18168,TlZnPO4,6.65,2,4.0
mp-19893,PbCO3,6.09,2,4.0
mp-9397,HfTlCuSe3,1.27,2,0.0
mp-15649,As2Ir,1.15,2,0.0
mp-1550,AlP,2.87,2,2.0
mp-3123,PPdSe,1.92,2,1.0
mp-28268,PtI3,1.01,2,0.0
mp-28324,Sr3(InP2)2,1.51,2,1.0
mp-5858,CdPtF6,3.7,2,2.0
mp-30293,Sr2GeSe4,3.09,2,2.0
mp-27724,BPS4,4.19,2,2.0
mp-15777,Zn(GaTe2)2,1.7,2,1.0
mp-7931,SrP,1.52,2,1.0
mp-19734,MgPbF6,6.16,2,4.0
mp-7385,K2Be2PbF8,9.19,2,6.0
mp-31454,TaSbRu,1.48,2,0.0
mp-8253,Na5ReO6,4.05,2,2.0
mp-27171,Hg2P2S7,3.22,2,2.0
mp-1536,KSb,1.82,2,1.0
mp-552234,SrBiBrO2,5.51,2,3.0
mp-1683,ZrSe3,1.17,2,0.0
mp-19363,HgMoO4,3.42,2,2.0
mp-10969,CdCN2,4.16,2,2.0
mp-28232,MgTi2O5,4.89,2,3.0
mp-22356,In2HgS4,1.3,2,0.0
mp-16992,NaAg3S2,2.31,2,1.0
mp-14288,Sr3P4,1.87,2,1.0
mp-23154,Br,2.68,2,1.0
mp-4917,LaAsO4,7.26,2,5.0
mp-341,PbF4,4.48,2,3.0
mp-23260,BaI2,6.06,2,4.0
mp-8943,PtF4,2.48,2,1.0
mp-540957,Cs2TeI6,2.62,2,1.0
mp-23504,Sr2InI5,5.01,2,3.0
mp-9784,BaBAsO5,6.59,2,4.0
mp-23137,Ba2YBiO6,3.83,2,2.0
mp-11020,GaAgO2,1.47,2,0.0
mp-2920,LaAlO3,7.08,2,5.0
mp-18220,LiAlSiO4,8.89,2,6.0
mp-17986,TiTl2O3,4.06,2,2.0
mp-542885,SrCrO4,3.83,2,2.0
mp-8177,HgF2,3.22,2,2.0
mp-28591,Na4HgP2,2.49,2,1.0
mp-18247,Sr3ScRhO6,3.65,2,2.0
mp-23231,AgBr,1.9,2,1.0
mp-2452,P2O5,8.95,2,6.0
mp-19687,RbLa(MoO4)2,5.54,2,3.0
mp-10814,SrLiBO3,8.13,2,5.0
mp-23228,PCl5,3.73,2,2.0
mp-542888,La3AgSnS7,3.49,2,2.0
mp-14354,Rb2SrP2O7,8.9,2,6.0
mp-30139,BeBr2,9.05,2,6.0
mp-542826,Sc2PbSe4,2.59,2,1.0
mp-267,Te2Ru,0.477,2,0.0
mp-6134,LiCaAlF6,13.6,2,7.0
mp-4841,LaCuS2,2.41,2,1.0
mp-27257,PBr3,5.48,2,3.0
mp-29138,KAuSe2,1.79,2,1.0
mp-11123,CsYHgSe3,2.6,2,1.0
mp-22989,NaIO3,5.98,2,4.0
mp-19,Te,0.756,2,0.0
mp-27362,Nb(SCl)2,2.56,2,1.0
mp-17926,Zr3Ni3Sb4,0.6000000000000001,2,0.0
mp-12240,Na2LiBe2F7,13.5,2,7.0
mp-28859,K2HgS2,4.49,2,3.0
mp-11585,La2MgGeO6,7.17,2,5.0
mp-2172,AlAs,2.65,2,1.0
mp-18365,RbCuSe4,2.23,2,1.0
mp-22925,AgI,2.54,2,1.0
mp-23341,Bi2Pt2O7,1.36,2,0.0
mp-8194,Ba2GeP2,1.2,2,0.0
mp-7787,HfSO,4.82,2,3.0
mp-23657,Na6S2ClO8F,9.49,2,6.0
mp-9655,Na4SnO4,5.36,2,3.0
mp-3056,NaTlO2,2.18,2,1.0
mp-4979,AlCuS2,3.8,2,2.0
mp-28845,OsO3F2,3.69,2,2.0
mp-7374,Ba(CuO)2,3.45,2,2.0
mp-30373,RbAu,2.87,2,2.0
mp-541190,Cs2LiVO4,5.5,2,3.0
mp-2136,Sb2O3,3.82,2,2.0
mp-7971,Ba4Li(SbO4)3,3.7,2,2.0
mp-28683,Ta(ICl)2,2.04,2,1.0
mp-29380,K2Te2As,2.02,2,1.0
mp-2809,Sb2S3,2.36,2,1.0
mp-7929,Rb2PtS2,2.45,2,1.0
mp-29628,Na4SnS4,4.36,2,3.0
mp-6949,InF3,7.74,2,5.0
mp-28407,SBr2O,4.65,2,3.0
mp-27449,GaTeCl,3.36,2,2.0
mp-7631,SiC,3.44,2,2.0
mp-23363,NaAlCl4,9.51,2,6.0
mp-22856,Bi2S3,2.66,2,1.0
mp-16990,Ba10P6SO24,6.93,2,4.0
mp-14336,Cs2Ni3Se4,1.38,2,0.0
mp-2371,Ga2Te5,1.69,2,1.0
mp-20790,InPS4,4.08,2,2.0
mp-1138,LiF,14.6,2,7.0
mp-28080,K2SnTe5,1.29,2,0.0
mp-15684,K2CuAs,2.88,2,2.0
mp-22993,AgClO4,5.32,2,3.0
mp-3953,CaCO3,8.48,2,6.0
mp-27628,Te3Cl2,2.22,2,1.0
mp-7569,KAsF6,8.48,2,6.0
mp-6402,Na2ZnGeO4,5.59,2,3.0
mp-17400,Ba2TaN3,4.09,2,2.0
mp-8280,Ba(MgAs)2,2.37,2,1.0
mp-9697,Cs6GaSb3,2.48,2,1.0
mp-11643,K2Mg(PSe3)2,3.38,2,2.0
mp-8430,KLiS,6.28,2,4.0
mp-27377,K4Zr5O12,5.88,2,4.0
mp-22170,Li4PbO4,3.35,2,2.0
mp-5339,CsNaTe,4.58,2,3.0
mp-9910,K2Pd3S4,2.13,2,1.0
mp-8187,K2ZnO2,4.94,2,3.0
mp-29344,LiGaCl3,5.62,2,4.0
mp-8621,K2PtSe2,2.01,2,1.0
mp-8255,CaPtF6,4.21,2,2.0
mp-8361,CsTe,2.18,2,1.0
mp-7596,NbNO,2.86,2,2.0
mp-2605,CaO,7.31,2,5.0
mp-10408,K2CN2,6.48,2,4.0
mp-15437,MgP4O11,8.88,2,6.0
mp-31002,Rb2Te5,0.886,2,0.0
mp-624,B6As,3.85,2,2.0
mp-23576,CsSbClF3,5.95,2,4.0
mp-505727,NClO,3.62,2,2.0
mp-9250,RbLiSe,5.0,2,3.0
mp-14241,Tl2SiSe3,3.08,2,2.0
mp-10419,Na4ReN3,4.31,2,3.0
mp-8725,HfSnS3,2.06,2,1.0
mp-6586,K2NaAlF6,12.8,2,7.0
mp-5966,Cd2SnO4,1.79,2,1.0
mp-541134,TeAuBr8,1.75,2,1.0
mp-540921,CsCuF4,2.7,2,1.0
mp-30314,Cs2PdCl4,3.31,2,2.0
mp-27743,BiF5,4.44,2,3.0
mp-3927,CaAsAu,0.247,2,0.0
mp-30930,AlI3,5.77,2,4.0
mp-17129,Sr3(AlN2)2,4.05,2,2.0
mp-21365,InSbS3,2.7,2,1.0
mp-8000,SrSn(BO3)2,6.41,2,4.0
mp-541040,Y2Be2GeO7,7.9,2,5.0
mp-11327,Rb2Se,4.98,2,3.0
mp-17504,Sr3(GeAs2)2,1.65,2,1.0
mp-9881,KAuSe,3.57,2,2.0
mp-5488,LiInO2,3.57,2,2.0
mp-2402,NaSi,2.71,2,1.0
mp-1821,WSe2,1.99,2,1.0
mp-20782,LiInTe2,2.44,2,1.0
mp-18742,Sr2CaWO6,4.67,2,3.0
mp-10547,RbAuO,3.46,2,2.0
mp-27265,AuClO,1.72,2,1.0
mp-10802,RbAs,1.56,2,1.0
mp-7388,NaAuF4,3.48,2,2.0
mp-9146,CdHgO2,1.5,2,1.0
mp-157,P,0.5740000000000001,2,0.0
mp-3439,SbPO4,6.52,2,4.0
mp-23582,KLi6BiO6,3.3,2,2.0
mp-13031,MgSe,4.88,2,3.0
mp-28423,Ga2TeSe2,2.77,2,1.0
mp-672,CdS,2.42,2,1.0
mp-30031,CaI2,6.79,2,4.0
mp-9317,KZrCuS3,1.72,2,1.0
mp-30299,RbAsO2,6.49,2,4.0
mp-23350,Rb2PtCl6,3.4,2,2.0
mp-22859,HgI,2.84,2,1.0
mp-6019,Sr2YNbO6,5.5,2,3.0
mp-13336,RbSc5Te8,1.1,2,0.0
mp-11923,Rb2TaCuS4,3.83,2,2.0
mp-28433,RbClO4,9.82,2,7.0
mp-28218,TlCdCl3,5.25,2,3.0
mp-17707,Cs3Na2SnP3,2.82,2,1.0
mp-23280,AsCl3,6.32,2,4.0
mp-7210,Cd2B2O5,4.77,2,3.0
mp-3277,BAsO4,7.22,2,5.0
mp-5618,Mg2As2O7,5.75,2,4.0
mp-1569,Be2C,2.08,2,1.0
mp-11824,Ca3PN,2.5,2,1.0
mp-20343,NaAuO2,2.58,2,1.0
mp-2472,SrO,6.92,2,4.0
mp-27367,SeOF2,6.57,2,4.0
mp-18792,Ca3(CoO3)2,1.34,2,0.0
mp-16245,CaSbAu,0.167,2,0.0
mp-19120,MgCrO4,3.3,2,2.0
mp-14444,Hf(PS3)2,3.91,2,2.0
mp-29228,CsSrN9,6.3,2,4.0
mp-17125,CsNa3Li12(GeO4)4,7.25,2,5.0
mp-27209,KTlF4,4.79,2,3.0
mp-1634,MoSe2,1.89,2,1.0
mp-9920,TiS3,0.799,2,0.0
mp-542339,CsIn3,0.239,2,0.0
mp-7770,Sr(ZnAs)2,0.518,2,0.0
mp-28899,Hg2As3Br,1.47,2,0.0
mp-7288,Sc2SO2,3.96,2,2.0
mp-29422,HfCl4,6.68,2,4.0
mp-27716,KTlO,3.06,2,2.0
mp-30991,Ba(IO3)2,5.8,2,4.0
mp-28569,NaInBr4,5.48,2,3.0
mp-7972,RbLaO2,6.77,2,4.0
mp-5175,NaInO2,4.43,2,3.0
mp-16236,KAgSe,1.82,2,1.0
mp-8871,CsNa2BO3,7.06,2,5.0
mp-9722,Na2LiGaAs2,2.89,2,2.0
mp-504510,MgV2O6,3.86,2,2.0
mp-7129,Rb2Ti(CuS2)2,3.12,2,2.0
mp-27935,AlICl6,3.92,2,2.0
mp-2706,SnF4,6.64,2,4.0
mp-17441,Mg2GeS4,4.0,2,2.0
mp-7100,LaOF,8.23,2,5.0
mp-16742,BaAgTeF,2.89,2,2.0
mp-9297,Ba(AuO2)2,2.52,2,1.0
mp-18938,Tl2MoO4,4.76,2,3.0
mp-6983,NaAgO,2.83,2,1.0
mp-8630,SbIrS,1.99,2,1.0
mp-27830,Cs2SeCl6,4.42,2,3.0
mp-9634,Na3AgS2,4.61,2,3.0
mp-18463,RbZnPO4,7.06,2,5.0
mp-17012,Sr2VN3,2.78,2,1.0
mp-23288,AlBr3,7.5,2,5.0
mp-14433,NaGe2N3,4.14,2,2.0
mp-28952,PdSO4,2.27,2,1.0
mp-23715,BaH2,5.8,2,4.0
mp-27747,PdI2,1.59,2,1.0
mp-1367,Mg2Si,0.7000000000000001,2,0.0
mp-871,FeSi,0.371,2,0.0
mp-5146,Zn(RhO2)2,2.04,2,1.0
mp-18148,K3TaS4,4.41,2,3.0
mp-546500,NaCNO,8.3,2,5.0
mp-4812,Zn4B6O13,6.3,2,4.0
mp-3614,KTaO3,4.1,2,2.0
mp-28447,Mg(BiO3)2,1.5,2,1.0
mp-27931,Rb2SnO2,4.47,2,3.0
mp-841,Li2O2,4.22,2,2.0
mp-7650,RbScO2,6.71,2,4.0
mp-7441,KP,2.28,2,1.0
mp-31629,Ta2CrO6,0.903,2,0.0
mp-18889,VAg3O4,1.88,2,1.0
mp-7738,LaSeF,3.61,2,2.0
mp-3188,Zn(SbO3)2,3.33,2,2.0
mp-5126,ZnSO4,6.93,2,4.0
mp-504827,Ga10GePb3O20,5.29,2,3.0
mp-22916,NaBr,8.0,2,5.0
mp-11869,HfSnPd,0.321,2,0.0
mp-28744,Y4OsBr4,1.5,2,1.0
mp-27419,LiBiF6,5.42,2,3.0
mp-21489,Rb2PbO3,3.22,2,2.0
mp-22849,BiI3,4.19,2,2.0
mp-27345,Na3BiO4,2.91,2,2.0
mp-5707,CsAsF4,7.57,2,5.0
mp-1247,Sb2Ir,0.473,2,0.0
mp-28327,LiGaBr3,4.59,2,3.0
mp-4533,Na2SiO3,7.89,2,5.0
mp-7386,NaAgF4,2.63,2,1.0
mp-7433,NaCuSe,0.139,2,0.0
mp-22867,RbBr,8.38,2,6.0
mp-10985,RbCu3S2,1.73,2,1.0
mp-23304,Rb3Bi,1.54,2,1.0
mp-18996,TlV3O8,2.55,2,1.0
mp-30300,Cs3As5O9,5.54,2,3.0
mp-17805,Ba2SnSe3F2,3.19,2,2.0
mp-27255,Ga2TeS2,3.56,2,2.0
mp-7436,KCuTe,1.65,2,1.0
mp-16184,Rb2B2Se7,3.15,2,2.0
mp-541522,Na2Ca(PO3)4,9.24,2,6.0
mp-17217,Tl3GeTe3,1.27,2,0.0
mp-23738,RbMgH3,6.13,2,4.0
mp-12878,Sr2YSbO6,6.6,2,4.0
mp-4824,NaZnP,1.34,2,0.0
mp-23023,LaBrO,7.36,2,5.0
mp-27214,CsSnBr3,2.27,2,1.0
mp-14726,Na4TiO4,7.3,2,5.0
mp-27655,Te2I,1.27,2,0.0
mp-15643,SrMgGe,0.106,2,0.0
mp-32542,Hg2WO4,2.71,2,1.0
mp-1863,SiAs,2.51,2,1.0
mp-484,Te3As2,0.996,2,0.0
mp-28219,TlCdBr3,4.41,2,3.0
mp-8809,BaLa2PtO5,4.19,2,2.0
mp-9562,LiBeAs,2.07,2,1.0
mp-29299,TeSeO4,4.85,2,3.0
mp-4820,ZrSiO4,7.86,2,5.0
mp-30954,GaI3,4.03,2,2.0
mp-18253,SrGa4O7,5.0,2,3.0
mp-17481,Mg4Ta2O9,6.82,2,4.0
mp-726,SeO2,5.52,2,3.0
mp-14091,AlAgSe2,2.41,2,1.0
mp-9535,Al6Cd4TeO12,4.99,2,3.0
mp-30950,Sr3GeO,1.21,2,0.0
mp-29185,Te2O3F2,5.45,2,3.0
mp-23268,NaI,6.81,2,4.0
mp-29826,ZnCN2,5.78,2,4.0
mp-28421,Cs2HgI4,3.44,2,2.0
mp-7928,K2PtS2,2.46,2,1.0
mp-15685,Na2CuAs,2.12,2,1.0
mp-12385,Ba2YTaO6,6.13,2,4.0
mp-6867,KCaCO3F,8.7,2,6.0
mp-18625,KPSe6,3.2,2,2.0
mp-13610,ZnPbF6,4.25,2,3.0
mp-3486,KSnSb,0.8280000000000001,2,0.0
mp-22865,CsCl,9.29,2,6.0
mp-15896,Cu2SiSe3,1.09,2,0.0
mp-29048,Sr(BiO2)2,4.77,2,3.0
mp-12277,CaAgP,0.144,2,0.0
mp-23083,KAs4BrO6,4.94,2,3.0
mp-28038,NbTeBr3,1.35,2,0.0
mp-12317,SrCN2,6.35,2,4.0
mp-28692,Cs2CuF6,2.1,2,1.0
mp-10489,Cs2Ti(CuSe2)2,2.76,2,1.0
mp-29209,Ba(MgBi)2,1.35,2,0.0
mp-7128,Cd(AsO3)2,3.89,2,2.0
mp-30828,Sr2Pb,0.116,2,0.0
mp-7571,KNbF6,7.98,2,5.0
mp-5004,Na2B2Se7,2.73,2,1.0
mp-9338,Ba2MgSi2O7,8.63,2,6.0
mp-8579,Ba(AgS)2,2.17,2,1.0
mp-23225,BBr3,6.62,2,4.0
mp-760,FeSe2,0.938,2,0.0
mp-29170,Hg(AuF4)2,3.16,2,2.0
mp-15954,As2Rh,0.328,2,0.0
mp-189,SiRu,0.336,2,0.0
mp-29419,Hf(Te2Cl3)2,2.18,2,1.0
mp-10289,Ca(BC)2,1.53,2,1.0
mp-12271,MgSeO3,6.32,2,4.0
mp-8298,Sr4P2O,2.99,2,2.0
mp-7670,K2Se3,1.55,2,1.0
mp-5625,Ag2SO4,2.92,2,2.0
mp-7896,Cs2O2,4.71,2,3.0
mp-12622,SrPdF4,2.6,2,1.0
mp-23043,RbPb2Br5,5.22,2,3.0
mp-23705,Na3AlH6,6.46,2,4.0
mp-11737,Li4SiO4,8.59,2,6.0
mp-20316,PPbSe3,3.03,2,2.0
mp-9321,Ba2HfS4,2.18,2,1.0
mp-28873,CsBrO3,6.77,2,4.0
mp-19432,KNaV2O6,4.56,2,3.0
mp-4078,La2SO6,8.85,2,6.0
mp-3042,K2SiF6,13.4,2,7.0
mp-3118,Mg3TeO6,5.5,2,3.0
mp-471,CdAs2,0.484,2,0.0
mp-504952,InGaSe3,2.44,2,1.0
mp-28898,BaCN2,6.06,2,4.0
mp-504441,Cr2Ag2O7,2.07,2,1.0
mp-541772,Bi4RuBr2,1.12,2,0.0
mp-7903,Cs2ZrF6,11.2,2,7.0
mp-3247,Cs2TiS3,2.45,2,1.0
mp-4452,Cd(GaS2)2,3.72,2,2.0
mp-27833,Tl2TeCl6,4.06,2,2.0
mp-15642,SrMgSi,0.125,2,0.0
mp-8973,NaSi2N3,6.87,2,4.0
mp-3324,Nb2SnO6,2.37,2,1.0
mp-30900,TaBiO4,5.55,2,3.0
mp-29750,CsMgBr3,7.52,2,5.0
mp-14340,Rb2Pd3Se4,1.56,2,1.0
mp-504570,K3FeO3,0.359,2,0.0
mp-27488,Ta3N5,2.46,2,1.0
mp-18753,Na3Mo(OF)3,5.7,2,4.0
mp-23730,NaMgH3,6.65,2,4.0
mp-2530,Li2Te,4.43,2,3.0
mp-4608,KPF6,12.4,2,7.0
mp-8890,Cs(SbS2)2,2.78,2,1.0
mp-18502,BaSi3SnO9,6.91,2,4.0
mp-14100,Cd(RhO2)2,1.96,2,1.0
mp-104,Sb,0.205,2,0.0
mp-6999,ScPS4,3.47,2,2.0
mp-30231,RbGaCl4,7.5,2,5.0
mp-10299,Ca4PdO6,3.18,2,2.0
mp-9854,YP5,0.685,2,0.0
mp-17774,K2Li3GaO4,6.8,2,4.0
mp-542076,Ca3V2O8,4.81,2,3.0
mp-27868,VNCl4,2.19,2,1.0
mp-20944,Sr2PbO4,2.94,2,2.0
mp-20072,LaCuO2,4.93,2,3.0
mp-8710,Ca2Pt3O8,1.98,2,1.0
mp-18687,NbF5,7.35,2,5.0
mp-23295,RbCl,9.62,2,6.0
mp-9702,Sr3BPO3,4.22,2,2.0
mp-2416,YF3,13.1,2,7.0
mp-947,Au2S,3.3,2,2.0
mp-22232,TlInSe2,2.03,2,1.0
mp-11175,LiZnPS4,4.71,2,3.0
mp-7094,ReAgO4,4.17,2,2.0
mp-13182,Li2TiGeO5,6.06,2,4.0
mp-5472,Nb2Cd2O7,4.08,2,2.0
mp-31231,Sr5Mo2N7,2.22,2,1.0
mp-17291,Na3SiTe3,3.6,2,2.0
mp-18111,Ba2LaC3O9F,8.05,2,5.0
mp-21137,Ca2PbO4,2.99,2,2.0
mp-1922,RuSe2,1.16,2,0.0
mp-10418,RbSbO2,4.23,2,3.0
mp-8202,CsRb2PdF5,3.83,2,2.0
mp-12491,CsLaCdTe3,2.83,2,1.0
mp-31053,Ag2S,2.63,2,1.0
mp-15339,Sr3As4,1.45,2,0.0
mp-540881,Cs2AgI3,4.61,2,3.0
mp-17954,BaCu2SnS4,2.07,2,1.0
mp-1105,BaO2,5.56,2,3.0
mp-7773,Na2AsAu,1.7,2,1.0
mp-5226,K2SeO4,6.94,2,4.0
mp-8683,K5As2Au,1.93,2,1.0
mp-23539,KSn2Cl5,4.97,2,3.0
mp-390,TiO2,4.23,2,3.0
mp-3751,AlTlF4,7.4,2,5.0
mp-8311,Si3NiP4,0.837,2,0.0
mp-10919,Rb2PtC2,2.95,2,2.0
mp-31040,NbCl4,1.94,2,1.0
mp-545482,PdSeO3,2.15,2,1.0
mp-9703,K2LiGaAs2,2.73,2,1.0
mp-10163,NaAlTe2,2.91,2,2.0
mp-8789,Ca4As2O,2.86,2,2.0
mp-8217,Cs2GeF6,10.6,2,7.0
mp-4124,CaCN2,6.58,2,4.0
mp-18918,ZnWO4,4.3,2,3.0
mp-14206,K3Ag3As2,2.79,2,1.0
mp-12444,SrCuSF,3.54,2,2.0
mp-3933,Mg2PN3,5.93,2,4.0
mp-3359,Ba2SnO4,4.78,2,3.0
mp-408,Mg2Ge,0.605,2,0.0
mp-23036,K2SeBr6,3.21,2,2.0
mp-7035,CaMgAsO4F,7.1,2,5.0
mp-28302,K4CdP2,2.8,2,1.0
mp-23517,RbPbI3,4.19,2,2.0
mp-22457,K3Na(SO4)2,9.81,2,7.0
mp-23339,NaBrO3,7.19,2,5.0
mp-19957,LaGeBO5,7.01,2,5.0
mp-7913,BeSiN2,8.19,2,5.0
mp-13982,CdCu2GeS4,1.51,2,1.0
mp-11659,BaTi(BO3)2,4.58,2,3.0
mp-27678,Y2Cl3,1.63,2,1.0
mp-29568,RuS3Cl8,3.42,2,2.0
mp-3038,Al2HgSe4,2.53,2,1.0
mp-8180,LiNO3,5.34,2,3.0
mp-23331,Si3(BiO3)4,6.39,2,4.0
mp-541106,Nb2Se9,1.5,2,1.0
mp-14128,K2HfF6,10.8,2,7.0
mp-4086,La2Sn2O7,4.98,2,3.0
mp-8017,AlCuTe2,2.26,2,1.0
mp-30315,Ca3BN3,1.9,2,1.0
mp-5558,NaReO4,5.68,2,4.0
mp-8623,K2Te2Pt,1.5,2,1.0
mp-14434,K3GeS3,4.07,2,2.0
mp-29172,SeF4,6.61,2,4.0
mp-16234,CsAg3Se2,0.952,2,0.0
mp-2310,CdO2,2.94,2,2.0
mp-9066,NaLi2AsO4,7.32,2,5.0
mp-9212,NaAlO2,7.62,2,5.0
mp-14115,LiRhO2,2.59,2,1.0
mp-27887,Ba3(Si2P3)2,1.49,2,1.0
mp-1106,Sr2Si,1.28,2,0.0
mp-7603,Li2TiF6,7.54,2,5.0
mp-19420,Sr2MgWO6,4.68,2,3.0
mp-3102,TaCuS3,0.974,2,0.0
mp-18132,K4SnSe4,3.61,2,2.0
mp-31076,Tl2TeBr6,3.5,2,2.0
mp-9003,K2NbCuSe4,2.67,2,1.0
mp-28989,Li10BrN3,3.36,2,2.0
mp-11819,BaSnHg,0.255,2,0.0
mp-8724,K2TeO3,6.02,2,4.0
mp-18422,RbLiZn2O3,4.04,2,2.0
mp-2910,KAlF4,12.8,2,7.0
mp-22903,RbI,7.29,2,5.0
mp-7645,KAl(SO4)2,9.58,2,6.0
mp-7148,K2SrTa2O7,4.18,2,2.0
mp-6509,Sr3GaO4F,6.86,2,4.0
mp-27381,CsSnI3,3.45,2,2.0
mp-10942,KNaLaNbO5,6.0,2,4.0
mp-6181,NaNb(CuS2)2,2.96,2,2.0
mp-28368,TlAuCl4,2.81,2,1.0
mp-30302,HfBrN,1.31,2,0.0
mp-9628,KCdF3,6.6,2,4.0
mp-541788,P2S5,4.53,2,3.0
mp-17823,Tl3B3S10,3.47,2,2.0
mp-7173,ScSbPt,0.715,2,0.0
mp-505633,Cs2Zn3S4,5.0,2,3.0
mp-9846,RbCaSb,3.47,2,2.0
mp-14396,Mg3(PO4)2,9.22,2,6.0
mp-10555,Ba2LiReN4,3.57,2,2.0
mp-14638,Rb2LiGaF6,7.52,2,5.0
mp-27926,AsClF8,5.91,2,4.0
mp-8484,ZnO2,4.17,2,2.0
mp-28069,Ca3AsCl3,4.52,2,3.0
mp-4632,Sr3(PO4)2,9.38,2,6.0
mp-9816,GeF4,9.95,2,7.0
mp-17693,SrCdP2O7,6.53,2,4.0
mp-10378,Cs3Sb,2.39,2,1.0
mp-29526,BrNO3,3.94,2,2.0
mp-11715,MgSn(BO3)2,6.29,2,4.0
mp-23202,InI,2.8,2,1.0
mp-28358,NbAlCl8,3.73,2,2.0
mp-9687,K2PAu,2.35,2,1.0
mp-23210,MgCl2,9.92,2,7.0
mp-23454,CsAgBr2,4.02,2,2.0
mp-4385,CdCO3,4.94,2,3.0
mp-1836,TlSe,1.06,2,0.0
mp-17889,KNa2(PO3)3,9.27,2,6.0
mp-13803,Nb2Hg2O7,1.9,2,1.0
mp-8299,Sr4As2O,2.87,2,2.0
mp-5614,Li3BS3,5.36,2,3.0
mp-13986,Li2PtF6,4.01,2,2.0
mp-11116,CsYCdSe3,3.73,2,2.0
mp-29898,Tl2Au4S3,2.43,2,1.0
mp-23413,NbBiO4,4.82,2,3.0
mp-7191,Sr3GaN3,2.21,2,1.0
mp-12535,K2ZnTe2,3.58,2,2.0
mp-27987,BrF5,5.58,2,3.0
mp-19254,FeSO4,2.07,2,1.0
mp-14652,Cs2P3,1.97,2,1.0
mp-2030,RuS2,1.74,2,1.0
mp-7774,Na2SbAu,1.43,2,0.0
mp-18411,Na3GeSe3,3.2,2,2.0
mp-23025,LaClO,7.85,2,5.0
mp-541112,ZrI4,3.55,2,2.0
mp-27829,Rb2SeCl6,4.18,2,2.0
mp-12418,SrCaGe,1.26,2,0.0
mp-8452,NaLiS,6.21,2,4.0
mp-19334,Na4WO5,5.18,2,3.0
mp-17324,ZrSnS3,1.94,2,1.0
mp-23177,HgBr,3.61,2,2.0
mp-16737,Na2BeB2O5,9.0,2,6.0
mp-16764,RbYTe2,2.84,2,1.0
mp-27260,CsAlCl4,9.66,2,6.0
mp-23065,CsCu2Cl3,4.55,2,3.0
mp-13275,NaSrP,3.02,2,2.0
mp-3443,Cd(GaO2)2,3.37,2,2.0
mp-7123,KSb(PSe3)2,3.25,2,2.0
mp-3922,AgSbS2,2.6,2,1.0
mp-7152,CsZrCuSe3,1.15,2,0.0
mp-224,WS2,2.19,2,1.0
mp-7500,Na4SiO4,7.23,2,5.0
mp-9664,K3BP2,3.83,2,2.0
mp-3822,SrCO3,7.88,2,5.0
mp-540783,OsO4,4.89,2,3.0
mp-19386,Sr3V2O8,5.07,2,3.0
mp-7771,Sr(CdAs)2,0.667,2,0.0
mp-8459,CdSO4,5.41,2,3.0
mp-29447,Bi3BrO4,4.14,2,2.0
mp-3228,HgSO4,3.07,2,2.0
mp-9925,Ca2Sb,0.862,2,0.0
mp-543045,Tl2CO3,5.48,2,3.0
mp-28048,KTlBr4,3.48,2,2.0
mp-23743,AlH12(ClO2)3,9.25,2,6.0
mp-541875,K3SnSe3,2.93,2,2.0
mp-23572,KBiP2S7,4.19,2,2.0
mp-18288,Ti(SnO2)2,2.06,2,1.0
mp-18834,SrMoO4,5.36,2,3.0
mp-15252,Cu2GeS3,0.159,2,0.0
mp-18347,KAlTe2,3.65,2,2.0
mp-9731,RbAuSe,3.47,2,2.0
mp-15157,Cs2CaF4,11.7,2,7.0
mp-13744,Rb3GaO3,5.9,2,4.0
mp-19163,SrWO4,6.19,2,4.0
mp-27824,PICl6,3.81,2,2.0
mp-30746,YIr,0.319,2,0.0
mp-5928,Al2CdS4,4.79,2,3.0
mp-15219,Rb2VCuS4,2.15,2,1.0
mp-17832,RbBaPO4,9.07,2,6.0
mp-23070,BaBrF,8.77,2,6.0
mp-7609,SbOF,5.35,2,3.0
mp-8290,BaSnF6,9.05,2,6.0
mp-7848,AlPO4,10.2,2,7.0
mp-28490,Tl3BSe3,2.37,2,1.0
mp-13630,Rb3NaBe2F8,12.7,2,7.0
mp-18953,NaV(OF)2,3.18,2,2.0
mp-18337,Be3N2,5.74,2,4.0
mp-5033,Tl2SiF6,8.51,2,6.0
mp-10086,YSF,2.97,2,2.0
mp-15141,NaZr2ZnF11,10.0,2,7.0
mp-8348,TlSbF6,6.7,2,4.0
mp-14447,Ba2SiSe4,4.06,2,2.0
mp-551203,Sr2I2O,6.1,2,4.0
mp-13949,Cd(GaTe2)2,1.76,2,1.0
mp-9309,CsTa(BO3)2,5.73,2,4.0
mp-30026,Sr3Te4O11,5.25,2,3.0
mp-540792,Ge2S3Br2,4.44,2,3.0
mp-15514,NaSe2,2.24,2,1.0
mp-23222,Li3Bi,1.25,2,0.0
mp-4236,BaZnO2,4.67,2,3.0
mp-6013,KTa(CuSe2)2,2.75,2,1.0
mp-19723,InAuO2,0.625,2,0.0
mp-19215,CaCrO4,3.39,2,2.0
mp-9386,CsAu3Se2,4.25,2,3.0
mp-541774,BiAuBr6,2.13,2,1.0
mp-16183,Tl2B2Se7,2.39,2,1.0
mp-315,PbF2,7.42,2,5.0
mp-28768,Na4SnSe4,3.25,2,2.0
mp-18199,Sr3TaAs3O,2.46,2,1.0
mp-6062,YAl3(BO3)4,9.44,2,6.0
mp-12797,BaBe2Si2O7,9.36,2,6.0
mp-14235,SrGa2(SiO4)2,7.26,2,5.0
mp-8586,InBF4,7.48,2,5.0
mp-15668,NaSe,1.56,2,1.0
mp-7899,BaCdO2,2.54,2,1.0
mp-13313,ScTlSe2,1.89,2,1.0
mp-2758,SrSe,4.51,2,3.0
mp-541435,Sb2WO6,1.08,2,0.0
mp-542810,AsS,3.15,2,2.0
mp-11006,BaPS3,5.31,2,3.0
mp-28377,CsGeI3,2.26,2,1.0
mp-22192,Si3Ru2,0.58,2,0.0
mp-15218,Cs2TaAgS4,4.16,2,2.0
mp-28099,SBr,3.85,2,2.0
mp-9922,HfS3,2.15,2,1.0
mp-23487,KIO3,4.56,2,3.0
mp-32533,Na2W4O13,2.52,2,1.0
mp-730,P2Pt,1.43,2,0.0
mp-546125,ScAsO4,6.27,2,4.0
mp-9384,CsAu3S2,4.82,2,3.0
mp-22981,TlIO3,4.75,2,3.0
mp-4819,MgGeO3,5.14,2,3.0
mp-5709,Tl3PO4,5.02,2,3.0
mp-3283,RbNbO3,5.4,2,3.0
mp-8070,Li2BeSiO4,9.66,2,6.0
mp-22386,InAgTe2,0.168,2,0.0
mp-17696,Ba2VN3,2.83,2,1.0
mp-23017,CsCu2Br3,4.0,2,2.0
mp-5840,LiScO2,7.16,2,5.0
mp-8267,KPS3,3.38,2,2.0
mp-17765,Ta2ZnO6,5.17,2,3.0
mp-28077,PbBr2,5.31,2,3.0
mp-7791,Li2GeF6,9.73,2,7.0
mp-9872,K4BeP2,3.45,2,2.0
mp-22881,CdCl2,5.98,2,4.0
mp-648,Na2S,5.8,2,4.0
mp-17090,SrTlPS4,3.97,2,2.0
mp-3744,NaNbO2,2.14,2,1.0
mp-23452,Sn3BrF5,5.08,2,3.0
mp-11918,Ca(BeN)2,4.89,2,3.0
mp-14333,TaAlO4,6.32,2,4.0
mp-18317,Na5SnP3,2.58,2,1.0
mp-29208,Ca(MgBi)2,1.25,2,0.0
mp-505172,NaZrCuSe3,1.51,2,1.0
mp-1153,Li2S,6.12,2,4.0
mp-7104,CsCaF3,12.5,2,7.0
mp-22607,Zn(InSe2)2,1.93,2,1.0
mp-10474,NaPF6,12.9,2,7.0
mp-1253,BaSe,4.18,2,2.0
mp-5328,CdPS3,3.27,2,2.0
mp-550436,V2CdO6,3.17,2,2.0
mp-27247,Na3NbO4,6.12,2,4.0
mp-29871,Na4SeO5,3.74,2,2.0
mp-28650,CsBr2F,3.65,2,2.0
mp-8799,RbNaS,5.61,2,4.0
mp-6376,KV(CuS2)2,1.8,2,1.0
mp-546279,ScBrO,5.8,2,4.0
mp-12894,Y2SO2,5.63,2,4.0
mp-15438,ZnP4O11,8.17,2,5.0
mp-2741,CaF2,12.8,2,7.0
mp-7638,LiTa3O8,5.52,2,3.0
mp-4431,Ag3AsS3,2.29,2,1.0
mp-7562,TaTl3S4,4.6,2,3.0
mp-19039,CdMoO4,3.84,2,2.0
mp-10644,TaTl3Se4,3.93,2,2.0
mp-14448,Ba2SiTe4,2.17,2,1.0
mp-29157,Si3P2Pt,0.893,2,0.0
mp-10572,NaPN2,7.77,2,5.0
mp-22951,BaIF,7.27,2,5.0
mp-2624,AlSb,2.12,2,1.0
mp-11214,CaAgSb,0.449,2,0.0
mp-14624,K5P2Au,2.32,2,1.0
mp-16913,Ag2SeO3,3.28,2,2.0
mp-17839,K3Na(SeO4)2,6.91,2,4.0
mp-29699,TiNb3O6,1.14,2,0.0
mp-505702,Pb2CO4,5.83,2,4.0
mp-3637,YOF,8.52,2,6.0
mp-5072,Rb2HgO2,4.55,2,3.0
mp-27853,Hg3(TeBr)2,2.96,2,2.0
mp-9569,Ca(ZnP)2,1.61,2,1.0
mp-23207,ClO2,1.53,2,1.0
mp-5710,Ag3Te2Au,0.809,2,0.0
mp-7995,Mg2BO3F,8.28,2,5.0
mp-18305,Rb3AsSe4,2.59,2,1.0
mp-13277,BaLiP,2.4,2,1.0
mp-547244,SrBiClO2,5.71,2,4.0
mp-30303,Bi4O7,1.71,2,1.0
mp-11520,YNiSb,0.218,2,0.0
mp-505400,BaZr2F10,9.97,2,7.0
mp-27742,K2CdO2,3.77,2,2.0
mp-9274,Rb3Sb2Au3,2.53,2,1.0
mp-9573,NaBeAs,2.71,2,1.0
mp-13190,KRb2GaF6,11.0,2,7.0
mp-28128,SCl2,3.99,2,2.0
mp-3540,Li2SnO3,6.01,2,4.0
mp-18620,Mg(PO3)2,9.4,2,6.0
mp-28391,SiCl4,9.47,2,6.0
mp-28796,Sr5(AuO4)2,2.64,2,1.0
mp-17872,Ba(YTe2)2,1.96,2,1.0
mp-4757,KReO4,6.18,2,4.0
mp-978,Sr2Sn,0.192,2,0.0
mp-2659,LiN3,5.75,2,4.0
mp-18421,Ba2Ga2S5,4.96,2,3.0
mp-23485,Ag2HgI4,2.27,2,1.0
mp-23713,CaH2,5.85,2,4.0
mp-510268,Cs2Pd3S4,2.38,2,1.0
mp-23360,Zn(IO3)2,5.32,2,3.0
mp-27863,AlClO,9.25,2,6.0
mp-550751,BaBeSiO4,8.53,2,6.0
mp-22874,PBr5,3.14,2,2.0
mp-32447,V4As2O13,0.107,2,0.0
mp-30062,Cs2PtBr6,2.66,2,1.0
mp-365,MgB4,0.54,2,0.0
mp-942,AuF3,2.93,2,2.0
mp-11917,Mg(BeN)2,6.69,2,4.0
mp-27456,BaBr2,7.77,2,5.0
mp-17715,SrTa2O6,5.4,2,3.0
mp-14205,K3Cu3As2,3.0,2,2.0
mp-27549,K2AgBi,2.05,2,1.0
mp-22483,NaInTe2,1.72,2,1.0
mp-22932,KInBr4,5.19,2,3.0
mp-2156,TiS2,0.527,2,0.0
mp-28027,AsF3,8.42,2,6.0
mp-27686,Cd2P2O7,5.18,2,3.0
mp-12181,BaSnS2,2.93,2,2.0
mp-18609,K2Se5,1.86,2,1.0
mp-25054,MoPbO4,3.87,2,2.0
mp-5141,Na2SeO4,6.65,2,4.0
mp-1190,ZnSe,2.14,2,1.0
mp-28365,Na3AuO2,4.3,2,3.0
mp-9798,Rb(SbSe2)2,2.01,2,1.0
mp-1522,FeS2,1.73,2,1.0
mp-13868,PdF4,1.89,2,1.0
mp-12533,La2Hf2O7,7.67,2,5.0
mp-8116,K(MoS)3,1.37,2,0.0
mp-8770,Cs2CoSe2,0.255,2,0.0
mp-19680,RbLa(WO4)2,5.21,2,3.0
mp-17447,Sr10P6SO24,7.23,2,5.0
mp-510273,CsSbO2,4.47,2,3.0
mp-8195,Ba2GeAs2,1.09,2,0.0
mp-31033,HfF4,9.82,2,7.0
mp-2242,GeS,2.13,2,1.0
mp-21733,Sr(InSe2)2,2.81,2,1.0
mp-8874,LiSiBO4,10.4,2,7.0
mp-16921,KNa4GeAs3,1.7,2,1.0
mp-12015,KAg2AsO4,1.65,2,1.0
mp-8812,Rb2GeF6,10.5,2,7.0
mp-29910,Sr4I6O,6.16,2,4.0
mp-19260,Li2WO4,5.04,2,3.0
mp-14116,CuRhO2,1.8,2,1.0
mp-28160,Ca3C3Cl2,2.81,2,1.0
mp-14168,K2GeF6,10.3,2,7.0
mp-510417,WO3,2.5,2,1.0
mp-3527,Na3AgO2,3.0,2,2.0
mp-9788,SrPS3,5.27,2,3.0
mp-27227,LiAg3O2,1.51,2,1.0
mp-20493,Mg(InS2)2,3.31,2,2.0
mp-8716,K2MnSe2,0.128,2,0.0
mp-505270,TiSO5,4.78,2,3.0
mp-29260,Ti(SeO3)2,4.48,2,3.0
mp-22848,Cl2,4.71,2,3.0
mp-16252,BaCaGe,0.924,2,0.0
mp-14307,Mg(ScS2)2,3.38,2,2.0
mp-13900,Sr(CuO)2,3.34,2,2.0
mp-19833,InAgS2,1.43,2,0.0
mp-23024,SrBrF,8.59,2,6.0
mp-7534,K2Cd2O3,2.32,2,1.0
mp-27210,RbTlF4,5.23,2,3.0
mp-9564,Ca(MgAs)2,2.71,2,1.0
mp-23054,NaBiO3,2.96,2,2.0
mp-19052,K3VO4,5.41,2,3.0
mp-23257,IF5,7.23,2,5.0
mp-14588,Na2PtSe2,1.85,2,1.0
mp-3748,AlCuO2,3.81,2,2.0
mp-8947,Sr(BS2)2,4.74,2,3.0
mp-18501,Ba(AgTe)2,1.44,2,0.0
mp-5830,Na3AsS3,4.36,2,3.0
mp-20652,PbF3,3.21,2,2.0
mp-4578,Sr2GeS4,4.04,2,2.0
mp-22323,In2O3,2.7,2,1.0
mp-18733,AlTl(MoO4)2,5.43,2,3.0
mp-706,HgF,2.85,2,1.0
mp-7421,KZnAs,0.919,2,0.0
mp-4747,Ca2SnO4,5.37,2,3.0
mp-29055,KSb2,0.81,2,0.0
mp-18378,K3AlTe3,4.25,2,3.0
mp-19209,LiAl(MoO4)2,5.21,2,3.0
mp-29396,Cu2PbO2,2.59,2,1.0
mp-3427,LiAlO2,8.15,2,5.0
mp-19871,PbAu2,0.234,2,0.0
mp-7440,NaP,2.06,2,1.0
mp-10481,RbAg3Te2,1.01,2,0.0
mp-3419,RbAuF4,4.01,2,2.0
mp-7566,InPO4,4.81,2,3.0
mp-7595,GeF2,6.43,2,4.0
mp-9789,CaPS3,5.18,2,3.0
mp-29889,Tl2PdCl4,2.02,2,1.0
mp-29345,LiGaI3,3.55,2,2.0
mp-16452,BaLa2ZnS5,3.04,2,2.0
mp-3503,Li6WN4,5.02,2,3.0
mp-8818,Ca2ZnN2,2.22,2,1.0
mp-8411,Na2AgAs,2.16,2,1.0
mp-9068,K2NaAlP2,3.76,2,2.0
mp-13740,AgAsS2,2.82,2,1.0
mp-5394,LaSF,3.02,2,2.0
mp-684,BaS2,3.17,2,2.0
mp-22906,CsBr,8.08,2,5.0
mp-1784,CsF,10.5,2,7.0
mp-3963,K2CO3,8.52,2,6.0
mp-3731,LiNbO3,5.39,2,3.0
mp-10155,P2Ir,0.8310000000000001,2,0.0
mp-23263,LaBr3,6.06,2,4.0
mp-8263,KNa2BO3,6.67,2,4.0
mp-29025,Li5Br2N,4.81,2,3.0
mp-27634,TiBr4,4.48,2,3.0
mp-9571,Ca(ZnAs)2,0.733,2,0.0
mp-19162,LaVO4,4.45,2,3.0
mp-6799,LiCa4(BN2)3,4.52,2,3.0
mp-14526,Na4Hf2(GeO4)3,7.14,2,5.0
mp-11583,Zr2SN2,1.84,2,1.0
mp-3838,Li5ReN4,4.43,2,3.0
mp-2072,KTe,1.69,2,1.0
mp-938,GeTe,1.07,2,0.0
mp-27914,Na3BiO3,5.31,2,3.0
mp-23153,I,1.89,2,1.0
mp-6528,Cs2NaAlF6,10.8,2,7.0
mp-23140,AgHgSI,2.67,2,1.0
mp-7494,K2Ag4S3,0.8280000000000001,2,0.0
mp-8857,Cs2As2Pd,1.85,2,1.0
mp-550514,LaTaN2O,1.87,2,1.0
mp-21622,Na3InAs2,1.11,2,0.0
mp-541989,Na2CN2,6.2,2,4.0
mp-3857,Ba3(PO4)2,9.27,2,6.0
mp-28670,Ba2Bi2O5,3.79,2,2.0
mp-28347,K3Al2As3,3.06,2,2.0
mp-27253,Au2O3,1.88,2,1.0
mp-8313,Cs2Li2GeO4,6.97,2,4.0
mp-1287,KS,3.43,2,2.0
mp-15556,Rb2As3,1.34,2,0.0
mp-11007,CaPSe3,3.64,2,2.0
mp-2898,Ca(AuO2)2,2.72,2,1.0
mp-4524,ZnGeP2,1.98,2,1.0
mp-30126,Ba(BS2)2,4.79,2,3.0
mp-23048,CsMnBr3,0.205,2,0.0
mp-23037,CsPbCl3,4.39,2,3.0
mp-8432,CaCuP,0.6940000000000001,2,0.0
mp-22982,CuBiS2,1.46,2,0.0
mp-28921,Tl5Se2Br,1.23,2,0.0
mp-27726,SO2,4.76,2,3.0
mp-16871,K2ZrGe2O7,7.14,2,5.0
mp-5518,GaAgSe2,0.902,2,0.0
mp-5403,Rb2TiO3,6.49,2,4.0
mp-23444,AsCl2F3,5.51,2,3.0
mp-12411,Li2ZnGe,0.247,2,0.0
mp-9815,TaTl(CuS2)2,3.16,2,2.0
mp-30294,Sr2SnS4,4.5,2,3.0
mp-15223,Cs2NbCuSe4,2.75,2,1.0
mp-541817,NbSeI3,1.31,2,0.0
mp-28208,ZrFeCl6,2.69,2,1.0
mp-5158,KNO3,5.48,2,3.0
